Position,Company,Location,Description,Company Size,Position Level,Salary,Application Link
Senior Education-Focused Quantitative Researcher (Principal Associate) ,Abt Associates,"Cambridge, MA (Hybrid)",,,,,
Senior Data/Configuration Analyst (Hybrid) ,Raytheon,"Marlborough, MA (Hybrid)",,,,,
"Business Data Analyst (Bangkok Based, relocation provided) ",Agoda,"Boston, MA",,,,,
VIE/ Pangeo DATA COLLECTION AND RESEARCH ANALYST M/W ,Veolia North America,"Boston, MA (Hybrid)",,,,,
Analytics Consultant Lead - Firm Analytics ,Edward Jones,United States (Remote),,,,,
Senior Product Operations Data Analyst - Remote ($116000.00 - $174000.00 / year),Talentify.io,United States (Remote),,,,,
Biostatistician ,Black Diamond Networks,United States (Remote),,,,,
Data Analyst Coordinator ( Remote),Opinion Focus Panel LLC,United States (Remote),,,,,
Entry Level Data Scientist/Engineer/Analyst - REMOTE,SynergisticIT,United States (Remote),,,,,
Business Intelligence Analyst,IPTA,United States (Remote),,,,,
Senior Data Analyst- Remote,Opinion Focus Panel LLC,United States (Remote),,,,,
Power BI Consultant - REMOTE ,General Dynamics Information Technology,United States (Remote),,,,,
Volunteer: Data Crunching & Analysis for Colorado Alliance for Environmental Education,Catchafire,United States (Remote),,,,,
Sr. Biostatistician,Actalent,"Boston, MA (Hybrid)",,,,,
